transaction_id,case_type,prediction_label,actual_label_for_demo,fraud_probability,decision_threshold,risk_summary,key_model_drivers,suggested_investigation_action,confidence_caveat,full_explanation
TXN_HIGH_RISK_001,high-risk fraud prediction,Fraud,Fraud,0.962,0.5,"Transaction TXN_HIGH_RISK_001 was classified as Fraud with a fraud probability of 0.962, which is above the 0.50 model decision threshold. This places the case in a very high risk band. The available amount fields show transaction_amount=245.31 and log_amount=5.507.","Positive SHAP drivers that increased the fraud score: V14, an anonymized PCA transaction behavior component (V14, SHAP +0.0955); V12, an anonymized PCA transaction behavior component (V12, SHAP +0.0457); V4, an anonymized PCA transaction behavior component (V4, SHAP +0.0237); V3, an anonymized PCA transaction behavior component (V3, SHAP +0.0160). Negative SHAP drivers that reduced the fraud score: V10, an anonymized PCA transaction behavior component (V10, SHAP -0.0211); V11, an anonymized PCA transaction behavior component (V11, SHAP -0.0089); V17, an anonymized PCA transaction behavior component (V17, SHAP -0.0042); V16, an anonymized PCA transaction behavior component (V16, SHAP -0.0021).","Prioritize manual review, verify transaction context, and consider temporary hold or step-up authentication according to policy.","This explanation is grounded in model outputs and SHAP feature contributions. Features V1-V28 are anonymized PCA transaction behavior components, so the system does not assign them specific business meanings. The explanation should support analyst review rather than replace investigation judgment.","Risk summary: Transaction TXN_HIGH_RISK_001 was classified as Fraud with a fraud probability of 0.962, which is above the 0.50 model decision threshold. This places the case in a very high risk band. The available amount fields show transaction_amount=245.31 and log_amount=5.507.
Key model drivers: Positive SHAP drivers that increased the fraud score: V14, an anonymized PCA transaction behavior component (V14, SHAP +0.0955); V12, an anonymized PCA transaction behavior component (V12, SHAP +0.0457); V4, an anonymized PCA transaction behavior component (V4, SHAP +0.0237); V3, an anonymized PCA transaction behavior component (V3, SHAP +0.0160). Negative SHAP drivers that reduced the fraud score: V10, an anonymized PCA transaction behavior component (V10, SHAP -0.0211); V11, an anonymized PCA transaction behavior component (V11, SHAP -0.0089); V17, an anonymized PCA transaction behavior component (V17, SHAP -0.0042); V16, an anonymized PCA transaction behavior component (V16, SHAP -0.0021).
Suggested investigation action: Prioritize manual review, verify transaction context, and consider temporary hold or step-up authentication according to policy.
Confidence caveat: This explanation is grounded in model outputs and SHAP feature contributions. Features V1-V28 are anonymized PCA transaction behavior components, so the system does not assign them specific business meanings. The explanation should support analyst review rather than replace investigation judgment."
TXN_HIGH_RISK_002,high-risk fraud prediction,Fraud,Fraud,0.887,0.5,"Transaction TXN_HIGH_RISK_002 was classified as Fraud with a fraud probability of 0.887, which is above the 0.50 model decision threshold. This places the case in a very high risk band. The available amount fields show transaction_amount=82.0 and log_amount=4.419.","Positive SHAP drivers that increased the fraud score: V12, an anonymized PCA transaction behavior component (V12, SHAP +0.0800); V4, an anonymized PCA transaction behavior component (V4, SHAP +0.0311); V3, an anonymized PCA transaction behavior component (V3, SHAP +0.0186); V10, an anonymized PCA transaction behavior component (V10, SHAP +0.0123). Negative SHAP drivers that reduced the fraud score: V11, an anonymized PCA transaction behavior component (V11, SHAP -0.0138); V17, an anonymized PCA transaction behavior component (V17, SHAP -0.0049); V16, an anonymized PCA transaction behavior component (V16, SHAP -0.0022).","Prioritize manual review, verify transaction context, and consider temporary hold or step-up authentication according to policy.","This explanation is grounded in model outputs and SHAP feature contributions. Features V1-V28 are anonymized PCA transaction behavior components, so the system does not assign them specific business meanings. The explanation should support analyst review rather than replace investigation judgment.","Risk summary: Transaction TXN_HIGH_RISK_002 was classified as Fraud with a fraud probability of 0.887, which is above the 0.50 model decision threshold. This places the case in a very high risk band. The available amount fields show transaction_amount=82.0 and log_amount=4.419.
Key model drivers: Positive SHAP drivers that increased the fraud score: V12, an anonymized PCA transaction behavior component (V12, SHAP +0.0800); V4, an anonymized PCA transaction behavior component (V4, SHAP +0.0311); V3, an anonymized PCA transaction behavior component (V3, SHAP +0.0186); V10, an anonymized PCA transaction behavior component (V10, SHAP +0.0123). Negative SHAP drivers that reduced the fraud score: V11, an anonymized PCA transaction behavior component (V11, SHAP -0.0138); V17, an anonymized PCA transaction behavior component (V17, SHAP -0.0049); V16, an anonymized PCA transaction behavior component (V16, SHAP -0.0022).
Suggested investigation action: Prioritize manual review, verify transaction context, and consider temporary hold or step-up authentication according to policy.
Confidence caveat: This explanation is grounded in model outputs and SHAP feature contributions. Features V1-V28 are anonymized PCA transaction behavior components, so the system does not assign them specific business meanings. The explanation should support analyst review rather than replace investigation judgment."
TXN_FALSE_NEGATIVE_001,false negative,Legitimate,Fraud,0.431,0.5,"Transaction TXN_FALSE_NEGATIVE_001 was classified as Legitimate with a fraud probability of 0.431, which is below the 0.50 model decision threshold. This places the case in a near-threshold risk band. The available amount fields show transaction_amount=19.99 and log_amount=3.044.","Positive SHAP drivers that increased the fraud score: V14, an anonymized PCA transaction behavior component (V14, SHAP +0.0438); V4, an anonymized PCA transaction behavior component (V4, SHAP +0.0163). Negative SHAP drivers that reduced the fraud score: V3, an anonymized PCA transaction behavior component (V3, SHAP -0.0506); V10, an anonymized PCA transaction behavior component (V10, SHAP -0.0223); V11, an anonymized PCA transaction behavior component (V11, SHAP -0.0125); V17, an anonymized PCA transaction behavior component (V17, SHAP -0.0066).","Review as a missed fraud example; consider whether threshold tuning, new features, or secondary rules could improve capture.","This explanation is grounded in model outputs and SHAP feature contributions. Features V1-V28 are anonymized PCA transaction behavior components, so the system does not assign them specific business meanings. The explanation should support analyst review rather than replace investigation judgment.","Risk summary: Transaction TXN_FALSE_NEGATIVE_001 was classified as Legitimate with a fraud probability of 0.431, which is below the 0.50 model decision threshold. This places the case in a near-threshold risk band. The available amount fields show transaction_amount=19.99 and log_amount=3.044.
Key model drivers: Positive SHAP drivers that increased the fraud score: V14, an anonymized PCA transaction behavior component (V14, SHAP +0.0438); V4, an anonymized PCA transaction behavior component (V4, SHAP +0.0163). Negative SHAP drivers that reduced the fraud score: V3, an anonymized PCA transaction behavior component (V3, SHAP -0.0506); V10, an anonymized PCA transaction behavior component (V10, SHAP -0.0223); V11, an anonymized PCA transaction behavior component (V11, SHAP -0.0125); V17, an anonymized PCA transaction behavior component (V17, SHAP -0.0066).
Suggested investigation action: Review as a missed fraud example; consider whether threshold tuning, new features, or secondary rules could improve capture.
Confidence caveat: This explanation is grounded in model outputs and SHAP feature contributions. Features V1-V28 are anonymized PCA transaction behavior components, so the system does not assign them specific business meanings. The explanation should support analyst review rather than replace investigation judgment."
TXN_FALSE_NEGATIVE_002,false negative,Legitimate,Fraud,0.277,0.5,"Transaction TXN_FALSE_NEGATIVE_002 was classified as Legitimate with a fraud probability of 0.277, which is below the 0.50 model decision threshold. This places the case in a low-to-moderate risk band. The available amount fields show transaction_amount=0.0 and log_amount=0.0.","Positive SHAP drivers that increased the fraud score: V12, an anonymized PCA transaction behavior component (V12, SHAP +0.0267); V11, an anonymized PCA transaction behavior component (V11, SHAP +0.0069). Negative SHAP drivers that reduced the fraud score: V14, an anonymized PCA transaction behavior component (V14, SHAP -0.0676); V3, an anonymized PCA transaction behavior component (V3, SHAP -0.0226); V10, an anonymized PCA transaction behavior component (V10, SHAP -0.0133); V16, an anonymized PCA transaction behavior component (V16, SHAP -0.0040).","Review as a missed fraud example; consider whether threshold tuning, new features, or secondary rules could improve capture.","This explanation is grounded in model outputs and SHAP feature contributions. Features V1-V28 are anonymized PCA transaction behavior components, so the system does not assign them specific business meanings. The explanation should support analyst review rather than replace investigation judgment.","Risk summary: Transaction TXN_FALSE_NEGATIVE_002 was classified as Legitimate with a fraud probability of 0.277, which is below the 0.50 model decision threshold. This places the case in a low-to-moderate risk band. The available amount fields show transaction_amount=0.0 and log_amount=0.0.
Key model drivers: Positive SHAP drivers that increased the fraud score: V12, an anonymized PCA transaction behavior component (V12, SHAP +0.0267); V11, an anonymized PCA transaction behavior component (V11, SHAP +0.0069). Negative SHAP drivers that reduced the fraud score: V14, an anonymized PCA transaction behavior component (V14, SHAP -0.0676); V3, an anonymized PCA transaction behavior component (V3, SHAP -0.0226); V10, an anonymized PCA transaction behavior component (V10, SHAP -0.0133); V16, an anonymized PCA transaction behavior component (V16, SHAP -0.0040).
Suggested investigation action: Review as a missed fraud example; consider whether threshold tuning, new features, or secondary rules could improve capture.
Confidence caveat: This explanation is grounded in model outputs and SHAP feature contributions. Features V1-V28 are anonymized PCA transaction behavior components, so the system does not assign them specific business meanings. The explanation should support analyst review rather than replace investigation judgment."
TXN_LOW_RISK_001,legitimate low-risk transaction,Legitimate,Legitimate,0.018,0.5,"Transaction TXN_LOW_RISK_001 was classified as Legitimate with a fraud probability of 0.018, which is below the 0.50 model decision threshold. This places the case in a low risk band. The available amount fields show transaction_amount=32.45 and log_amount=3.509.","Positive SHAP drivers that increased the fraud score: V17, an anonymized PCA transaction behavior component (V17, SHAP +0.0028). Negative SHAP drivers that reduced the fraud score: V14, an anonymized PCA transaction behavior component (V14, SHAP -0.0875); V12, an anonymized PCA transaction behavior component (V12, SHAP -0.0419); V4, an anonymized PCA transaction behavior component (V4, SHAP -0.0217); V3, an anonymized PCA transaction behavior component (V3, SHAP -0.0146).",No immediate fraud action is suggested by the model; continue routine monitoring unless external risk signals appear.,"This explanation is grounded in model outputs and SHAP feature contributions. Features V1-V28 are anonymized PCA transaction behavior components, so the system does not assign them specific business meanings. The explanation should support analyst review rather than replace investigation judgment.","Risk summary: Transaction TXN_LOW_RISK_001 was classified as Legitimate with a fraud probability of 0.018, which is below the 0.50 model decision threshold. This places the case in a low risk band. The available amount fields show transaction_amount=32.45 and log_amount=3.509.
Key model drivers: Positive SHAP drivers that increased the fraud score: V17, an anonymized PCA transaction behavior component (V17, SHAP +0.0028). Negative SHAP drivers that reduced the fraud score: V14, an anonymized PCA transaction behavior component (V14, SHAP -0.0875); V12, an anonymized PCA transaction behavior component (V12, SHAP -0.0419); V4, an anonymized PCA transaction behavior component (V4, SHAP -0.0217); V3, an anonymized PCA transaction behavior component (V3, SHAP -0.0146).
Suggested investigation action: No immediate fraud action is suggested by the model; continue routine monitoring unless external risk signals appear.
Confidence caveat: This explanation is grounded in model outputs and SHAP feature contributions. Features V1-V28 are anonymized PCA transaction behavior components, so the system does not assign them specific business meanings. The explanation should support analyst review rather than replace investigation judgment."
TXN_LOW_RISK_002,legitimate low-risk transaction,Legitimate,Legitimate,0.006,0.5,"Transaction TXN_LOW_RISK_002 was classified as Legitimate with a fraud probability of 0.006, which is below the 0.50 model decision threshold. This places the case in a low risk band. The available amount fields show transaction_amount=11.2 and log_amount=2.501.","Positive SHAP drivers that increased the fraud score: No material positive SHAP drivers were provided for this example. Negative SHAP drivers that reduced the fraud score: V12, an anonymized PCA transaction behavior component (V12, SHAP -0.0762); V4, an anonymized PCA transaction behavior component (V4, SHAP -0.0296); V10, an anonymized PCA transaction behavior component (V10, SHAP -0.0156); V11, an anonymized PCA transaction behavior component (V11, SHAP -0.0099).",No immediate fraud action is suggested by the model; continue routine monitoring unless external risk signals appear.,"This explanation is grounded in model outputs and SHAP feature contributions. Features V1-V28 are anonymized PCA transaction behavior components, so the system does not assign them specific business meanings. The explanation should support analyst review rather than replace investigation judgment.","Risk summary: Transaction TXN_LOW_RISK_002 was classified as Legitimate with a fraud probability of 0.006, which is below the 0.50 model decision threshold. This places the case in a low risk band. The available amount fields show transaction_amount=11.2 and log_amount=2.501.
Key model drivers: Positive SHAP drivers that increased the fraud score: No material positive SHAP drivers were provided for this example. Negative SHAP drivers that reduced the fraud score: V12, an anonymized PCA transaction behavior component (V12, SHAP -0.0762); V4, an anonymized PCA transaction behavior component (V4, SHAP -0.0296); V10, an anonymized PCA transaction behavior component (V10, SHAP -0.0156); V11, an anonymized PCA transaction behavior component (V11, SHAP -0.0099).
Suggested investigation action: No immediate fraud action is suggested by the model; continue routine monitoring unless external risk signals appear.
Confidence caveat: This explanation is grounded in model outputs and SHAP feature contributions. Features V1-V28 are anonymized PCA transaction behavior components, so the system does not assign them specific business meanings. The explanation should support analyst review rather than replace investigation judgment."
